<?xml version="1.0" encoding="UTF-8"?><bookmarks><file xmlns="http://www.w3.org/1999/xhtml" absolutepath="/Users/benjaminherber/MATLAB-Drive/Thesis/VanAttaExploration/ula_vanatta.m"></file><file xmlns="http://www.w3.org/1999/xhtml" absolutepath="/Users/benjaminherber/MATLAB-Drive/Thesis/VanAttaExploration/vanatta.m"></file><file xmlns="http://www.w3.org/1999/xhtml" absolutepath="/Users/benjaminherber/MATLAB-Drive/Thesis/explore/vanatta/vanatta.m"></file><file xmlns="http://www.w3.org/1999/xhtml" absolutepath="/Users/benjaminherber/MATLAB-Drive/Thesis/explore/vanatta/plots.m"></file><file xmlns="http://www.w3.org/1999/xhtml" absolutepath="/Users/benjaminherber/MATLAB-Drive/Thesis/explore/vanatta/test.m"></file><file xmlns="http://www.w3.org/1999/xhtml" absolutepath="/Users/benjaminherber/MATLAB-Drive/Thesis/explore/vanatta/vanatta_interactive.m"></file><file xmlns="http://www.w3.org/1999/xhtml" absolutepath="/Users/benjaminherber/MATLAB-Drive/Thesis/explore/vanatta/vanatta_interactive.mlapp"></file></bookmarks>