<?xml version="1.0" encoding="utf-8"?>
<ApplicationInstallerManifest>
   <DefaultInstallationDirectory>/Applications/Princeton_University/InteractiveVanAttaExploration/</DefaultInstallationDirectory>
   <ApplicationName>InteractiveVanAttaExploration</ApplicationName>
   <ExecutableName>application/InteractiveVanAttaExploration.exe</ExecutableName>
   <GUID>0cef5b59-4a14-4b1c-9d58-32e08b42b9c6</GUID>
   <ApplicationIcon>default_icon_48.png</ApplicationIcon>
   <Logo>default_logo.png</Logo>
   <Version>1.0</Version>
   <InstallationNotes>In the following directions, replace MR/v911 by the directory on the target machine where MATLAB is installed, or MR by the directory where the MATLAB Runtime is installed.

If the environment variable DYLD_LIBRARY_PATH is undefined, set it to the following string:

MR/v911/runtime/maci64:MR/v911/sys/os/maci64:MR/v911/bin/maci64

If it is defined, set it to the following:

${DYLD_LIBRARY_PATH}:MR/v911/runtime/maci64:MR/v911/sys/os/maci64:MR/v911/bin/maci64
</InstallationNotes>
   <AuthorOrganization>Princeton University</AuthorOrganization>
   <Summary>Simple interactive app to see response of a Van Atta Array Reflector.</Summary>
   <WelcomePanelText>InteractiveVanAttaExploration 1.0
Simple interactive app to see response of a Van Atta Array Reflector.
Benjamin Herber
bherber@princeton.edu</WelcomePanelText>
   <MCRProducts>
      <MCRProduct>
         <ExternalProductIdentifier>35000</ExternalProductIdentifier>
      </MCRProduct>
      <MCRProduct>
         <ExternalProductIdentifier>35010</ExternalProductIdentifier>
      </MCRProduct>
      <MCRProduct>
         <ExternalProductIdentifier>35108</ExternalProductIdentifier>
      </MCRProduct>
   </MCRProducts>
</ApplicationInstallerManifest>